{"cameraMode":{"drawMode":0,"name":"Shaded","section":"Shading Mode"},"sceneLighting":false,"audioPlay":false,"sceneViewState":{"m_AlwaysRefresh":false,"showFog":true,"showSkybox":false,"showFlares":true,"showImageEffects":true,"showParticleSystems":true,"showVisualEffectGraphs":true,"m_FxEnabled":true},"in2DMode":false,"pivot":{"x":0.7546024322509766,"y":0.16517499089241029,"z":-0.12521423399448396},"rotation":{"x":0.09656251221895218,"y":0.7808330059051514,"z":-0.12472633272409439,"w":0.6045035123825073},"size":3.376887321472168,"orthographic":false}