{"cameraMode":{"drawMode":0,"name":"Shaded","section":"Shading Mode"},"sceneLighting":false,"audioPlay":false,"sceneViewState":{"m_AlwaysRefresh":false,"showFog":true,"showSkybox":false,"showFlares":true,"showImageEffects":true,"showParticleSystems":true,"showVisualEffectGraphs":true,"m_FxEnabled":true},"in2DMode":false,"pivot":{"x":0.02516692876815796,"y":0.7495775818824768,"z":23.99847412109375},"rotation":{"x":0.0023972310591489078,"y":0.0254970770329237,"z":-0.00006116589065641165,"w":0.9996737837791443},"size":6.572005748748779,"orthographic":false}